model,foundation,p,p_adj
google/gemma-3-4b-it,Care/Harm,0.5455042453597878,1.0
google/gemma-3-4b-it,Fairness/Cheating,0.9728092326005485,1.0
google/gemma-3-4b-it,Loyalty/Betrayal,0.642892370744792,1.0
google/gemma-3-4b-it,Authority/Subversion,0.3251358126221522,1.0
google/gemma-3-4b-it,Purity/Degradation,0.7639544086591582,1.0
meta-llama/Llama-3.2-3B-Instruct,Care/Harm,0.5358029131730151,1.0
meta-llama/Llama-3.2-3B-Instruct,Fairness/Cheating,0.08308133678188852,1.0
meta-llama/Llama-3.2-3B-Instruct,Loyalty/Betrayal,0.3856675399916849,1.0
meta-llama/Llama-3.2-3B-Instruct,Authority/Subversion,0.5116537135077316,1.0
meta-llama/Llama-3.2-3B-Instruct,Purity/Degradation,0.7154266862444751,1.0
openai/gpt-4.1-batch-retrieve,Care/Harm,0.5119224133804519,1.0
openai/gpt-4.1-batch-retrieve,Fairness/Cheating,0.6130811165599215,1.0
openai/gpt-4.1-batch-retrieve,Loyalty/Betrayal,0.8491325569836079,1.0
openai/gpt-4.1-batch-retrieve,Authority/Subversion,0.5806306055043683,1.0
openai/gpt-4.1-batch-retrieve,Purity/Degradation,0.3816994988915853,1.0
Qwen/Qwen3-4B,Care/Harm,0.17002076617186745,1.0
Qwen/Qwen3-4B,Fairness/Cheating,0.4223814919890765,1.0
Qwen/Qwen3-4B,Loyalty/Betrayal,0.6712177188921938,1.0
Qwen/Qwen3-4B,Authority/Subversion,0.6208747784288581,1.0
Qwen/Qwen3-4B,Purity/Degradation,0.351641140294329,1.0
